hour,predicted_price
0,83.50814360497809
1,84.89826016832068
2,82.26075378139059
3,83.16323673395974
4,84.64800555213695
5,88.73774343160687
6,112.93905223545259
7,129.90691949030483
8,109.37596771917981
9,99.58245842367538
10,84.9605307914126
11,79.66958876531325
12,78.43038947576237
13,80.23775140983136
14,81.10733470472383
15,81.85699158109682
16,95.10002278049528
17,113.35808273803893
18,133.63693651881064
19,131.98533846520039
20,132.31027124131867
21,135.18790968341898
22,104.06700289640733
23,90.60887903139906
